{
  "swagger": "2.0",
  "info": {
    "title": "American Flights API",
    "version": "v1.0"
  },
  "paths": {
    "/flights": {
      "get": {
        "operationId": "null_0",
        "parameters": [
          {
            "name": "destination",
            "required": false,
            "in": "query",
            "enum": [
              "SFO",
              "LAX",
              "CLE"
            ],
            "type": "string"
          },
          {
            "name": "client_id",
            "required": true,
            "in": "header",
            "type": "string"
          },
          {
            "name": "client_secret",
            "required": true,
            "in": "header",
            "type": "string"
          }
        ],
        "responses": {
          "200": {
            "description": "",
            "x-amf-mediaType": "application/json",
            "schema": {
              "x-amf-examples": {
                "output": [
                  {
                    "ID": 1,
                    "code": "ER38sd",
                    "price": 400,
                    "departureDate": "2017/07/26",
                    "origin": "CLE",
                    "destination": "SFO",
                    "emptySeats": 0,
                    "plane": {
                      "type": "Boeing 737",
                      "totalSeats": 150
                    }
                  },
                  {
                    "ID": 2,
                    "code": "ER45if",
                    "price": 540.99,
                    "departureDate": "2017/07/27",
                    "origin": "SFO",
                    "destination": "ORD",
                    "emptySeats": 54,
                    "plane": {
                      "type": "Boeing 777",
                      "totalSeats": 300
                    }
                  }
                ]
              },
              "type": "array",
              "items": {
                "x-amf-examples": {
                  "input": {
                    "code": "GQ574",
                    "price": 399,
                    "departureDate": "2016/12/20",
                    "origin": "ORD",
                    "destination": "SFO",
                    "emptySeats": 200,
                    "plane": {
                      "type": "Boeing 747",
                      "totalSeats": 400
                    }
                  },
                  "output": {
                    "ID": 1,
                    "code": "GQ574",
                    "price": 399,
                    "departureDate": "2016/12/20",
                    "origin": "ORD",
                    "destination": "SFO",
                    "emptySeats": 200,
                    "plane": {
                      "type": "Boeing 747",
                      "totalSeats": 400
                    }
                  }
                },
                "type": "object",
                "additionalProperties": true,
                "required": [
                  "code",
                  "price",
                  "departureDate",
                  "origin",
                  "destination",
                  "emptySeats"
                ],
                "properties": {
                  "ID": {
                    "type": "integer"
                  },
                  "code": {
                    "type": "string"
                  },
                  "price": {
                    "type": "number"
                  },
                  "departureDate": {
                    "type": "string"
                  },
                  "origin": {
                    "type": "string"
                  },
                  "destination": {
                    "type": "string"
                  },
                  "emptySeats": {
                    "type": "integer"
                  },
                  "plane": {
                    "type": "object",
                    "additionalProperties": true,
                    "required": [
                      "type",
                      "totalSeats"
                    ],
                    "properties": {
                      "type": {
                        "type": "string"
                      },
                      "totalSeats": {
                        "type": "integer"
                      }
                    }
                  }
                }
              }
            }
          }
        }
      },
      "post": {
        "operationId": "null_1",
        "parameters": [
          {
            "name": "client_id",
            "required": true,
            "in": "header",
            "type": "string"
          },
          {
            "name": "client_secret",
            "required": true,
            "in": "header",
            "type": "string"
          },
          {
            "x-amf-mediaType": "application/json",
            "in": "body",
            "name": "generated",
            "schema": {
              "x-amf-examples": {
                "input": {
                  "code": "GQ574",
                  "price": 399,
                  "departureDate": "2016/12/20",
                  "origin": "ORD",
                  "destination": "SFO",
                  "emptySeats": 200,
                  "plane": {
                    "type": "Boeing 747",
                    "totalSeats": 400
                  }
                },
                "output": {
                  "ID": 1,
                  "code": "GQ574",
                  "price": 399,
                  "departureDate": "2016/12/20",
                  "origin": "ORD",
                  "destination": "SFO",
                  "emptySeats": 200,
                  "plane": {
                    "type": "Boeing 747",
                    "totalSeats": 400
                  }
                }
              },
              "type": "object",
              "additionalProperties": true,
              "required": [
                "code",
                "price",
                "departureDate",
                "origin",
                "destination",
                "emptySeats"
              ],
              "properties": {
                "ID": {
                  "type": "integer"
                },
                "code": {
                  "type": "string"
                },
                "price": {
                  "type": "number"
                },
                "departureDate": {
                  "type": "string"
                },
                "origin": {
                  "type": "string"
                },
                "destination": {
                  "type": "string"
                },
                "emptySeats": {
                  "type": "integer"
                },
                "plane": {
                  "type": "object",
                  "additionalProperties": true,
                  "required": [
                    "type",
                    "totalSeats"
                  ],
                  "properties": {
                    "type": {
                      "type": "string"
                    },
                    "totalSeats": {
                      "type": "integer"
                    }
                  }
                }
              }
            }
          }
        ],
        "responses": {
          "201": {
            "description": "",
            "x-amf-mediaType": "application/json",
            "schema": {
              "example": {
                "message": "Flight added (but not really)"
              }
            }
          }
        }
      }
    },
    "/flights/{ID}": {
      "get": {
        "operationId": "null_2",
        "parameters": [
          {
            "name": "ID",
            "required": true,
            "in": "path",
            "type": "string"
          },
          {
            "name": "client_id",
            "required": true,
            "in": "header",
            "type": "string"
          },
          {
            "name": "client_secret",
            "required": true,
            "in": "header",
            "type": "string"
          }
        ],
        "responses": {
          "200": {
            "description": "",
            "x-amf-mediaType": "application/json",
            "schema": {
              "x-amf-examples": {
                "input": {
                  "code": "GQ574",
                  "price": 399,
                  "departureDate": "2016/12/20",
                  "origin": "ORD",
                  "destination": "SFO",
                  "emptySeats": 200,
                  "plane": {
                    "type": "Boeing 747",
                    "totalSeats": 400
                  }
                },
                "output": {
                  "ID": 1,
                  "code": "GQ574",
                  "price": 399,
                  "departureDate": "2016/12/20",
                  "origin": "ORD",
                  "destination": "SFO",
                  "emptySeats": 200,
                  "plane": {
                    "type": "Boeing 747",
                    "totalSeats": 400
                  }
                }
              },
              "type": "object",
              "additionalProperties": true,
              "required": [
                "code",
                "price",
                "departureDate",
                "origin",
                "destination",
                "emptySeats"
              ],
              "properties": {
                "ID": {
                  "type": "integer"
                },
                "code": {
                  "type": "string"
                },
                "price": {
                  "type": "number"
                },
                "departureDate": {
                  "type": "string"
                },
                "origin": {
                  "type": "string"
                },
                "destination": {
                  "type": "string"
                },
                "emptySeats": {
                  "type": "integer"
                },
                "plane": {
                  "type": "object",
                  "additionalProperties": true,
                  "required": [
                    "type",
                    "totalSeats"
                  ],
                  "properties": {
                    "type": {
                      "type": "string"
                    },
                    "totalSeats": {
                      "type": "integer"
                    }
                  }
                }
              }
            }
          }
        }
      },
      "delete": {
        "operationId": "null_3",
        "parameters": [
          {
            "name": "ID",
            "required": true,
            "in": "path",
            "type": "string"
          },
          {
            "name": "client_id",
            "required": true,
            "in": "header",
            "type": "string"
          },
          {
            "name": "client_secret",
            "required": true,
            "in": "header",
            "type": "string"
          }
        ],
        "responses": {
          "200": {
            "description": "",
            "x-amf-mediaType": "application/json",
            "schema": {
              "example": {
                "message": "Flight deleted (but not really)"
              }
            }
          }
        }
      },
      "put": {
        "operationId": "null_4",
        "parameters": [
          {
            "name": "ID",
            "required": true,
            "in": "path",
            "type": "string"
          },
          {
            "name": "client_id",
            "required": true,
            "in": "header",
            "type": "string"
          },
          {
            "name": "client_secret",
            "required": true,
            "in": "header",
            "type": "string"
          },
          {
            "x-amf-mediaType": "application/json",
            "in": "body",
            "name": "generated",
            "schema": {
              "x-amf-examples": {
                "input": {
                  "code": "GQ574",
                  "price": 399,
                  "departureDate": "2016/12/20",
                  "origin": "ORD",
                  "destination": "SFO",
                  "emptySeats": 200,
                  "plane": {
                    "type": "Boeing 747",
                    "totalSeats": 400
                  }
                },
                "output": {
                  "ID": 1,
                  "code": "GQ574",
                  "price": 399,
                  "departureDate": "2016/12/20",
                  "origin": "ORD",
                  "destination": "SFO",
                  "emptySeats": 200,
                  "plane": {
                    "type": "Boeing 747",
                    "totalSeats": 400
                  }
                }
              },
              "type": "object",
              "additionalProperties": true,
              "required": [
                "code",
                "price",
                "departureDate",
                "origin",
                "destination",
                "emptySeats"
              ],
              "properties": {
                "ID": {
                  "type": "integer"
                },
                "code": {
                  "type": "string"
                },
                "price": {
                  "type": "number"
                },
                "departureDate": {
                  "type": "string"
                },
                "origin": {
                  "type": "string"
                },
                "destination": {
                  "type": "string"
                },
                "emptySeats": {
                  "type": "integer"
                },
                "plane": {
                  "type": "object",
                  "additionalProperties": true,
                  "required": [
                    "type",
                    "totalSeats"
                  ],
                  "properties": {
                    "type": {
                      "type": "string"
                    },
                    "totalSeats": {
                      "type": "integer"
                    }
                  }
                }
              }
            }
          }
        ],
        "responses": {
          "200": {
            "description": "",
            "x-amf-mediaType": "application/json",
            "schema": {
              "example": {
                "message": "Flight updated (but not really)"
              }
            }
          }
        }
      }
    }
  }
}
