{
  "swagger": "2.0",
  "info": {
    "title": "SecuredAPI",
    "description": "All operations are secured with OAuth2",
    "version": "1.0"
  },
  "host": "anypoint.mulesoft.com",
  "basePath": "/mocking/api/v1/links/e709c463-ddd7-4e8d-9dbc-721105946c6a/",
  "schemes": [
    "https"
  ],
  "paths": {
    "/employees": {
      "get": {
        "responses": {
          "200": {
            "description": "",
            "x-amf-mediaType": "application/json",
            "schema": {
              "example": [
                {
                  "id": "100",
                  "name": "David"
                },
                {
                  "id": "200",
                  "name": "Mark"
                }
              ]
            }
          }
        },
        "security": [
          {
            "oauth_2_0": []
          }
        ]
      }
    }
  },
  "securityDefinitions": {
    "oauth_2_0": {
      "type": "oauth2",
      "description": "OAuth 2 security",
      "x-amf-describedBy": {
        "headers": {
          "autherization": {
            "description": "need to send valid oauth 2 token",
            "type": "string"
          }
        },
        "responses": {
          "400": {
            "description": "Invalid token."
          },
          "401": {
            "description": "Not authorized."
          },
          "403": {
            "description": "Forbidden."
          },
          "500": {
            "description": "Bad response."
          }
        }
      },
      "authorizationUrl": "http://oauth2-provider-laxtech.us-e2.cloudhub.io/authorize",
      "tokenUrl": "http://oauth2-provider-laxtech.us-e2.cloudhub.io/access-token",
      "scopes": {
        "*": ""
      },
      "x-amf-settings": {
        "authorizationGrants": [
          "authorization_code",
          "password",
          "implicit",
          "client_credentials"
        ]
      }
    }
  }
}
